Date,Sunrise,Sunset
2024-03-01,2024-03-01 06:36:53-08:00,2024-03-01 18:04:03-08:00
2024-03-02,2024-03-02 06:35:30-08:00,2024-03-02 18:05:02-08:00
2024-03-03,2024-03-03 06:34:06-08:00,2024-03-03 18:06:01-08:00
2024-03-04,2024-03-04 06:32:41-08:00,2024-03-04 18:06:59-08:00
2024-03-05,2024-03-05 06:31:16-08:00,2024-03-05 18:07:57-08:00
2024-03-06,2024-03-06 06:29:50-08:00,2024-03-06 18:08:54-08:00
2024-03-07,2024-03-07 06:28:23-08:00,2024-03-07 18:09:52-08:00
2024-03-08,2024-03-08 06:26:57-08:00,2024-03-08 18:10:49-08:00
2024-03-09,2024-03-09 06:25:29-08:00,2024-03-09 18:11:46-08:00
2024-03-10,2024-03-10 07:24:01-07:00,2024-03-10 19:12:42-07:00
2024-03-11,2024-03-11 07:22:33-07:00,2024-03-11 19:13:39-07:00
2024-03-12,2024-03-12 07:21:05-07:00,2024-03-12 19:14:35-07:00
2024-03-13,2024-03-13 07:19:36-07:00,2024-03-13 19:15:31-07:00
2024-03-14,2024-03-14 07:18:07-07:00,2024-03-14 19:16:26-07:00
2024-03-15,2024-03-15 07:16:38-07:00,2024-03-15 19:17:22-07:00
2024-03-16,2024-03-16 07:15:08-07:00,2024-03-16 19:18:17-07:00
2024-03-17,2024-03-17 07:13:38-07:00,2024-03-17 19:19:12-07:00
2024-03-18,2024-03-18 07:12:08-07:00,2024-03-18 19:20:07-07:00
2024-03-19,2024-03-19 07:10:38-07:00,2024-03-19 19:21:02-07:00
2024-03-20,2024-03-20 07:09:08-07:00,2024-03-20 19:21:57-07:00
2024-03-21,2024-03-21 07:07:37-07:00,2024-03-21 19:22:52-07:00
2024-03-22,2024-03-22 07:06:07-07:00,2024-03-22 19:23:46-07:00
2024-03-23,2024-03-23 07:04:37-07:00,2024-03-23 19:24:40-07:00
2024-03-24,2024-03-24 07:03:06-07:00,2024-03-24 19:25:35-07:00
2024-03-25,2024-03-25 07:01:36-07:00,2024-03-25 19:26:29-07:00
2024-03-26,2024-03-26 07:00:06-07:00,2024-03-26 19:27:23-07:00
2024-03-27,2024-03-27 06:58:35-07:00,2024-03-27 19:28:17-07:00
2024-03-28,2024-03-28 06:57:05-07:00,2024-03-28 19:29:11-07:00
2024-03-29,2024-03-29 06:55:35-07:00,2024-03-29 19:30:05-07:00
2024-03-30,2024-03-30 06:54:06-07:00,2024-03-30 19:30:59-07:00
2024-03-31,2024-03-31 06:52:36-07:00,2024-03-31 19:31:52-07:00
